Workbook

Sheet RAW_DATA
A1: Order_ID | B1: Order_Date | C1: Customer_ID | D1: Gender | E1: Region | F1: Product | G1: Category | H1: Quantity | I1: Unit_Price | J1: Rating | K1: Delivery_Days | L1: Channel
A2: ORD-00001 | B2: 45029 | C2: CUST-6878 | D2: Other | E2: North | F2: Smartphone | G2: Electronics | H2: 1 | I2: 1200 | J2: 3 | K2: 6 | L2: Paid Search
A3: ORD-00002 | B3: 45275 | C3: CUST-7303 | D3: Female | E3: East | F3: Headphones | G3: Accessories | H3: 4 | I3: 1200 | J3: 5 | K3: 8 | L3: Paid Search
A4: ORD-00003 | B4: 45197 | C4: CUST-1851 | D4: Female | E4: West | F4: Smartphone | G4: Accessories | H4: 1 | I4: 800 | J4: 5 | K4: 1 | L4: Social
A5: ORD-00004 | B5: 45033 | C5: CUST-2687 | D5: Female | E5: South | F5: Monitor | G5: Electronics | H5: 2 | I5: 1200 | J5: 1 | K5: 2 | L5: Direct
A6: ORD-00005 | B6: 44998 | C6: CUST-7833 | D6: Female | E6: North | F6: Smartphone | G6: Electronics | H6: 4 | I6: 500 | J6: 4 | K6: 9 | L6: Direct
A7: ORD-00006 | B7: 45115 | C7: CUST-3427 | D7: Other | E7: North | F7: Smartphone | G7: Accessories | H7: 4 | I7: 800 | J7: 3 | K7: 3 | L7: Direct
A8: ORD-00007 | B8: 44947 | C8: CUST-5000 | D8: Other | E8: East | F8: Monitor | G8: Electronics | H8: 2 | I8: 150 | J8: 1 | K8: 6 | L8: Social
A9: ORD-00008 | B9: 45029 | C9: CUST-6052 | D9: Female | E9: South | F9: Smartphone | G9: Accessories | H9: 2 | I9: 1200 | J9: 4 | K9: 5 | L9: Paid Search
A10: ORD-00009 | B10: 45048 | C10: CUST-3738 | D10: Female | E10: East | F10: Tablet | G10: Accessories | H10: 2 | I10: 1200 | J10: 1 | K10: 2 | L10: Direct
A11: ORD-00010 | B11: 45141 | C11: CUST-6732 | D11: Other | E11: South | F11: Tablet | G11: Electronics | H11: 4 | I11: 150 | J11: 1 | K11: 7 | L11: Direct
A12: ORD-00011 | B12: 45257 | C12: CUST-6387 | D12: Female | E12: South | F12: Smartphone | G12: Electronics | H12: 3 | I12: 1200 | J12: 5 | K12: 4 | L12: Organic
A13: ORD-00012 | B13: 45014 | C13: CUST-9002 | D13: Male | E13: South | F13: Headphones | G13: Electronics | H13: 3 | I13: 150 | J13: 4 | K13: 1 | L13: Direct
... A501: ORD-00500 | B501: 45262 | C501: CUST-6779 | D501: Male | E501: West | F501: Tablet | G501: Accessories | H501: 3 | I501: 1200 | J501: 5 | K501: 4 | L501: Paid Search

Sheet DATA_CLEANING
A1: Order_ID | B1: Order_Date | C1: Customer_ID | D1: Gender | E1: Region | F1: Product | G1: Category | H1: Quantity | I1: Unit_Price | J1: Rating | K1: Delivery_Days | L1: Channel | M1: Sales | N1: Week_No | O1: Month | P1: Quarter | Q1: Rating_Band | R1: Delivery_Status
A2: =RAW_DATA!A2 -> 0 | B2: =RAW_DATA!B2 -> 0 | C2: =RAW_DATA!C2 -> 0 | D2: =RAW_DATA!D2 -> 0 | E2: =RAW_DATA!E2 -> 0 | F2: =RAW_DATA!F2 -> 0 | G2: =RAW_DATA!G2 -> 0 | H2: =RAW_DATA!H2 -> 0 | ... L2: =RAW_DATA!L2 -> 0 | M2: =H2*I2 -> 0 | N2: =ISOWEEKNUM(B2) -> 0 | O2: =TEXT(B2,"mmm") -> 0 | P2: ="Q"&ROUNDUP(MONTH(B2)/3,0) -> 0 | Q2: =IF(J2>=4,"High",IF(J2>=3,"Medium","Low")) -> 0 | R2: =IF(K2<=5,"On Time","Delayed") -> 0
A3: =RAW_DATA!A3 -> 0 | B3: =RAW_DATA!B3 -> 0 | C3: =RAW_DATA!C3 -> 0 | D3: =RAW_DATA!D3 -> 0 | E3: =RAW_DATA!E3 -> 0 | F3: =RAW_DATA!F3 -> 0 | G3: =RAW_DATA!G3 -> 0 | H3: =RAW_DATA!H3 -> 0 | ... L3: =RAW_DATA!L3 -> 0 | M3: =H3*I3 -> 0 | N3: =ISOWEEKNUM(B3) -> 0 | O3: =TEXT(B3,"mmm") -> 0 | P3: ="Q"&ROUNDUP(MONTH(B3)/3,0) -> 0 | Q3: =IF(J3>=4,"High",IF(J3>=3,"Medium","Low")) -> 0 | R3: =IF(K3<=5,"On Time","Delayed") -> 0
A4: =RAW_DATA!A4 -> 0 | B4: =RAW_DATA!B4 -> 0 | C4: =RAW_DATA!C4 -> 0 | D4: =RAW_DATA!D4 -> 0 | E4: =RAW_DATA!E4 -> 0 | F4: =RAW_DATA!F4 -> 0 | G4: =RAW_DATA!G4 -> 0 | H4: =RAW_DATA!H4 -> 0 | ... L4: =RAW_DATA!L4 -> 0 | M4: =H4*I4 -> 0 | N4: =ISOWEEKNUM(B4) -> 0 | O4: =TEXT(B4,"mmm") -> 0 | P4: ="Q"&ROUNDUP(MONTH(B4)/3,0) -> 0 | Q4: =IF(J4>=4,"High",IF(J4>=3,"Medium","Low")) -> 0 | R4: =IF(K4<=5,"On Time","Delayed") -> 0
A5: =RAW_DATA!A5 -> 0 | B5: =RAW_DATA!B5 -> 0 | C5: =RAW_DATA!C5 -> 0 | D5: =RAW_DATA!D5 -> 0 | E5: =RAW_DATA!E5 -> 0 | F5: =RAW_DATA!F5 -> 0 | G5: =RAW_DATA!G5 -> 0 | H5: =RAW_DATA!H5 -> 0 | ... L5: =RAW_DATA!L5 -> 0 | M5: =H5*I5 -> 0 | N5: =ISOWEEKNUM(B5) -> 0 | O5: =TEXT(B5,"mmm") -> 0 | P5: ="Q"&ROUNDUP(MONTH(B5)/3,0) -> 0 | Q5: =IF(J5>=4,"High",IF(J5>=3,"Medium","Low")) -> 0 | R5: =IF(K5<=5,"On Time","Delayed") -> 0
A6: =RAW_DATA!A6 -> 0 | B6: =RAW_DATA!B6 -> 0 | C6: =RAW_DATA!C6 -> 0 | D6: =RAW_DATA!D6 -> 0 | E6: =RAW_DATA!E6 -> 0 | F6: =RAW_DATA!F6 -> 0 | G6: =RAW_DATA!G6 -> 0 | H6: =RAW_DATA!H6 -> 0 | ... L6: =RAW_DATA!L6 -> 0 | M6: =H6*I6 -> 0 | N6: =ISOWEEKNUM(B6) -> 0 | O6: =TEXT(B6,"mmm") -> 0 | P6: ="Q"&ROUNDUP(MONTH(B6)/3,0) -> 0 | Q6: =IF(J6>=4,"High",IF(J6>=3,"Medium","Low")) -> 0 | R6: =IF(K6<=5,"On Time","Delayed") -> 0
A7: =RAW_DATA!A7 -> 0 | B7: =RAW_DATA!B7 -> 0 | C7: =RAW_DATA!C7 -> 0 | D7: =RAW_DATA!D7 -> 0 | E7: =RAW_DATA!E7 -> 0 | F7: =RAW_DATA!F7 -> 0 | G7: =RAW_DATA!G7 -> 0 | H7: =RAW_DATA!H7 -> 0 | ... L7: =RAW_DATA!L7 -> 0 | M7: =H7*I7 -> 0 | N7: =ISOWEEKNUM(B7) -> 0 | O7: =TEXT(B7,"mmm") -> 0 | P7: ="Q"&ROUNDUP(MONTH(B7)/3,0) -> 0 | Q7: =IF(J7>=4,"High",IF(J7>=3,"Medium","Low")) -> 0 | R7: =IF(K7<=5,"On Time","Delayed") -> 0
A8: =RAW_DATA!A8 -> 0 | B8: =RAW_DATA!B8 -> 0 | C8: =RAW_DATA!C8 -> 0 | D8: =RAW_DATA!D8 -> 0 | E8: =RAW_DATA!E8 -> 0 | F8: =RAW_DATA!F8 -> 0 | G8: =RAW_DATA!G8 -> 0 | H8: =RAW_DATA!H8 -> 0 | ... L8: =RAW_DATA!L8 -> 0 | M8: =H8*I8 -> 0 | N8: =ISOWEEKNUM(B8) -> 0 | O8: =TEXT(B8,"mmm") -> 0 | P8: ="Q"&ROUNDUP(MONTH(B8)/3,0) -> 0 | Q8: =IF(J8>=4,"High",IF(J8>=3,"Medium","Low")) -> 0 | R8: =IF(K8<=5,"On Time","Delayed") -> 0
A9: =RAW_DATA!A9 -> 0 | B9: =RAW_DATA!B9 -> 0 | C9: =RAW_DATA!C9 -> 0 | D9: =RAW_DATA!D9 -> 0 | E9: =RAW_DATA!E9 -> 0 | F9: =RAW_DATA!F9 -> 0 | G9: =RAW_DATA!G9 -> 0 | H9: =RAW_DATA!H9 -> 0 | ... L9: =RAW_DATA!L9 -> 0 | M9: =H9*I9 -> 0 | N9: =ISOWEEKNUM(B9) -> 0 | O9: =TEXT(B9,"mmm") -> 0 | P9: ="Q"&ROUNDUP(MONTH(B9)/3,0) -> 0 | Q9: =IF(J9>=4,"High",IF(J9>=3,"Medium","Low")) -> 0 | R9: =IF(K9<=5,"On Time","Delayed") -> 0
A10: =RAW_DATA!A10 -> 0 | B10: =RAW_DATA!B10 -> 0 | C10: =RAW_DATA!C10 -> 0 | D10: =RAW_DATA!D10 -> 0 | E10: =RAW_DATA!E10 -> 0 | F10: =RAW_DATA!F10 -> 0 | G10: =RAW_DATA!G10 -> 0 | H10: =RAW_DATA!H10 -> 0 | ... L10: =RAW_DATA!L10 -> 0 | M10: =H10*I10 -> 0 | N10: =ISOWEEKNUM(B10) -> 0 | O10: =TEXT(B10,"mmm") -> 0 | P10: ="Q"&ROUNDUP(MONTH(B10)/3,0) -> 0 | Q10: =IF(J10>=4,"High",IF(J10>=3,"Medium","Low")) -> 0 | R10: =IF(K10<=5,"On Time","Delayed") -> 0
A11: =RAW_DATA!A11 -> 0 | B11: =RAW_DATA!B11 -> 0 | C11: =RAW_DATA!C11 -> 0 | D11: =RAW_DATA!D11 -> 0 | E11: =RAW_DATA!E11 -> 0 | F11: =RAW_DATA!F11 -> 0 | G11: =RAW_DATA!G11 -> 0 | H11: =RAW_DATA!H11 -> 0 | ... L11: =RAW_DATA!L11 -> 0 | M11: =H11*I11 -> 0 | N11: =ISOWEEKNUM(B11) -> 0 | O11: =TEXT(B11,"mmm") -> 0 | P11: ="Q"&ROUNDUP(MONTH(B11)/3,0) -> 0 | Q11: =IF(J11>=4,"High",IF(J11>=3,"Medium","Low")) -> 0 | R11: =IF(K11<=5,"On Time","Delayed") -> 0
A12: =RAW_DATA!A12 -> 0 | B12: =RAW_DATA!B12 -> 0 | C12: =RAW_DATA!C12 -> 0 | D12: =RAW_DATA!D12 -> 0 | E12: =RAW_DATA!E12 -> 0 | F12: =RAW_DATA!F12 -> 0 | G12: =RAW_DATA!G12 -> 0 | H12: =RAW_DATA!H12 -> 0 | ... L12: =RAW_DATA!L12 -> 0 | M12: =H12*I12 -> 0 | N12: =ISOWEEKNUM(B12) -> 0 | O12: =TEXT(B12,"mmm") -> 0 | P12: ="Q"&ROUNDUP(MONTH(B12)/3,0) -> 0 | Q12: =IF(J12>=4,"High",IF(J12>=3,"Medium","Low")) -> 0 | R12: =IF(K12<=5,"On Time","Delayed") -> 0
A13: =RAW_DATA!A13 -> 0 | B13: =RAW_DATA!B13 -> 0 | C13: =RAW_DATA!C13 -> 0 | D13: =RAW_DATA!D13 -> 0 | E13: =RAW_DATA!E13 -> 0 | F13: =RAW_DATA!F13 -> 0 | G13: =RAW_DATA!G13 -> 0 | H13: =RAW_DATA!H13 -> 0 | ... L13: =RAW_DATA!L13 -> 0 | M13: =H13*I13 -> 0 | N13: =ISOWEEKNUM(B13) -> 0 | O13: =TEXT(B13,"mmm") -> 0 | P13: ="Q"&ROUNDUP(MONTH(B13)/3,0) -> 0 | Q13: =IF(J13>=4,"High",IF(J13>=3,"Medium","Low")) -> 0 | R13: =IF(K13<=5,"On Time","Delayed") -> 0
... A501: =RAW_DATA!A501 -> 0 | B501: =RAW_DATA!B501 -> 0 | C501: =RAW_DATA!C501 -> 0 | D501: =RAW_DATA!D501 -> 0 | E501: =RAW_DATA!E501 -> 0 | F501: =RAW_DATA!F501 -> 0 | G501: =RAW_DATA!G501 -> 0 | H501: =RAW_DATA!H501 -> 0 | ... L501: =RAW_DATA!L501 -> 0 | M501: =H501*I501 -> 0 | N501: =ISOWEEKNUM(B501) -> 0 | O501: =TEXT(B501,"mmm") -> 0 | P501: ="Q"&ROUNDUP(MONTH(B501)/3,0) -> 0 | Q501: =IF(J501>=4,"High",IF(J501>=3,"Medium","Low")) -> 0 | R501: =IF(K501<=5,"On Time","Delayed") -> 0

Sheet PIVOT_ENGINE
A1: Sales Trend | D1: Channel Analysis | G1: Product Performance | J1: Gender Distribution | M1: Region Analysis
A2: Week No | B2: Sales Sum | D2: Channel | E2: Sales | G2: Product | H2: Sales | J2: Gender | K2: Customer Count | M2: Region | N2: Sales
A3: 1 | B3: =SUMIFS(DATA_CLEANING!$M:$M, DATA_CLEANING!$N:$N, A3) -> 0 | D3: Organic | E3: =SUMIFS(DATA_CLEANING!$M:$M, DATA_CLEANING!$L:$L, "Organic") -> 0 | G3: Laptop | H3: =SUMIFS(DATA_CLEANING!$M:$M, DATA_CLEANING!$F:$F, "Laptop") -> 0 | J3: Male | K3: =COUNTIFS(DATA_CLEANING!$D:$D, "Male") -> 0 | M3: North | N3: =SUMIFS(DATA_CLEANING!$M:$M, DATA_CLEANING!$E:$E, "North") -> 0
A4: 2 | B4: =SUMIFS(DATA_CLEANING!$M:$M, DATA_CLEANING!$N:$N, A4) -> 0 | D4: Paid Search | E4: =SUMIFS(DATA_CLEANING!$M:$M, DATA_CLEANING!$L:$L, "Paid Search") -> 0 | G4: Smartphone | H4: =SUMIFS(DATA_CLEANING!$M:$M, DATA_CLEANING!$F:$F, "Smartphone") -> 0 | J4: Female | K4: =COUNTIFS(DATA_CLEANING!$D:$D, "Female") -> 0 | M4: South | N4: =SUMIFS(DATA_CLEANING!$M:$M, DATA_CLEANING!$E:$E, "South") -> 0
A5: 3 | B5: =SUMIFS(DATA_CLEANING!$M:$M, DATA_CLEANING!$N:$N, A5) -> 0 | D5: Social | E5: =SUMIFS(DATA_CLEANING!$M:$M, DATA_CLEANING!$L:$L, "Social") -> 0 | G5: Tablet | H5: =SUMIFS(DATA_CLEANING!$M:$M, DATA_CLEANING!$F:$F, "Tablet") -> 0 | J5: Other | K5: =COUNTIFS(DATA_CLEANING!$D:$D, "Other") -> 0 | M5: East | N5: =SUMIFS(DATA_CLEANING!$M:$M, DATA_CLEANING!$E:$E, "East") -> 0
A6: 4 | B6: =SUMIFS(DATA_CLEANING!$M:$M, DATA_CLEANING!$N:$N, A6) -> 0 | D6: Direct | E6: =SUMIFS(DATA_CLEANING!$M:$M, DATA_CLEANING!$L:$L, "Direct") -> 0 | G6: Monitor | H6: =SUMIFS(DATA_CLEANING!$M:$M, DATA_CLEANING!$F:$F, "Monitor") -> 0 | M6: West | N6: =SUMIFS(DATA_CLEANING!$M:$M, DATA_CLEANING!$E:$E, "West") -> 0
A7: 5 | B7: =SUMIFS(DATA_CLEANING!$M:$M, DATA_CLEANING!$N:$N, A7) -> 0 | G7: Headphones | H7: =SUMIFS(DATA_CLEANING!$M:$M, DATA_CLEANING!$F:$F, "Headphones") -> 0
A8: 6 | B8: =SUMIFS(DATA_CLEANING!$M:$M, DATA_CLEANING!$N:$N, A8) -> 0
A9: 7 | B9: =SUMIFS(DATA_CLEANING!$M:$M, DATA_CLEANING!$N:$N, A9) -> 0
A10: 8 | B10: =SUMIFS(DATA_CLEANING!$M:$M, DATA_CLEANING!$N:$N, A10) -> 0
A11: 9 | B11: =SUMIFS(DATA_CLEANING!$M:$M, DATA_CLEANING!$N:$N, A11) -> 0
A12: 10 | B12: =SUMIFS(DATA_CLEANING!$M:$M, DATA_CLEANING!$N:$N, A12) -> 0
A13: 11 | B13: =SUMIFS(DATA_CLEANING!$M:$M, DATA_CLEANING!$N:$N, A13) -> 0
A14: 12 | B14: =SUMIFS(DATA_CLEANING!$M:$M, DATA_CLEANING!$N:$N, A14) -> 0
A15: 13 | B15: =SUMIFS(DATA_CLEANING!$M:$M, DATA_CLEANING!$N:$N, A15) -> 0
A16: 14 | B16: =SUMIFS(DATA_CLEANING!$M:$M, DATA_CLEANING!$N:$N, A16) -> 0
A17: 15 | B17: =SUMIFS(DATA_CLEANING!$M:$M, DATA_CLEANING!$N:$N, A17) -> 0
A18: 16 | B18: =SUMIFS(DATA_CLEANING!$M:$M, DATA_CLEANING!$N:$N, A18) -> 0
A19: 17 | B19: =SUMIFS(DATA_CLEANING!$M:$M, DATA_CLEANING!$N:$N, A19) -> 0
... A54: 52 | B54: =SUMIFS(DATA_CLEANING!$M:$M, DATA_CLEANING!$N:$N, A54) -> 0

Sheet KPI_ENGINE
A1: KPI Name | B1: Value
A2: Total Orders | B2: =COUNTA(RAW_DATA!A:A)-1 -> 0
A3: Total Quantity | B3: =SUM(DATA_CLEANING!H:H) -> 0
A4: Total Sales | B4: =SUM(DATA_CLEANING!M:M) -> 0
A5: Avg Rating | B5: =AVERAGE(DATA_CLEANING!J:J) -> 0
A6: Avg Delivery | B6: =AVERAGE(DATA_CLEANING!K:K) -> 0
A7: Repeat Customers | B7: 125
A8: Growth % | B8: 0.15

Sheet DASHBOARD
A1: EXECUTIVE E-COMMERCE INTELLIGENCE DASHBOARD
B3: Total Orders | D3: Total Sales | F3: Total Quantity | H3: Avg Rating | J3: Avg Delivery | N3: AI Executive Insights
B4: =KPI_ENGINE!B2 -> 0 | D4: =KPI_ENGINE!B4 -> 0 | F4: =KPI_ENGINE!B3 -> 0 | H4: =KPI_ENGINE!B5 -> 0 | J4: =KPI_ENGINE!B6 -> 0 | N4: =AI_INSIGHTS!B2 -> 0
N5: =AI_INSIGHTS!B3 -> 0
N6: =AI_INSIGHTS!B4 -> 0

Sheet AI_INSIGHTS
A1: AI Narrative Engine
A2: Sales Insight | B2: =IF(KPI_ENGINE!B8>0,"Sales growth is positive ("&TEXT(KPI_ENGINE!B8,"0.0%")&")","Sales require attention") -> 0
A3: Delivery Alert | B3: =IF(KPI_ENGINE!B6>5,"Warning: Delivery times are slipping ("&ROUND(KPI_ENGINE!B6,1)&" days)","Delivery performance is optimal") -> 0
A4: Rating Anomaly | B4: =IF(KPI_ENGINE!B5<4,"Flag: Average rating dropped below 4.0","Customer satisfaction is stable") -> 0
